provider_id,npi,first_name,last_name,full_name,specialty,phone,email,address,city,state,zip_code,license_number,license_state,license_expiry,board_certified,accepting_new_patients,years_in_practice,medical_school,graduation_year,hospital_affiliations,languages,data_quality_issue,last_updated,record_status,has_pdf_documents
1,1790861692,Danielle,Johnson,Dr. Danielle Johnson,Emergency Medicine,533-521-8196x001,danielle.johnson@guzman.net,341 Michelle Light,Shawnstad,FL,79632,PA529256,TX,2027-10-31,True,True,34,Roman-Blair Medical School,2016,"Martinez, Nielsen and Miller Hospital, Calderon-Montgomery Hospital, Ray-Bush Hospital","Chinese, Arabic",Address verification needed,2024-05-17,active,False
2,9955662178,Francisco,Kelly,Dr. Francisco Kelly,Family Medicine,+1-241-592-8327x64835,francisco.kelly@trujillo.com,95376 Thomas Dam,Lake Anna,TX,34939,MI609715,PA,2028-05-07,False,False,29,"Richards, Hurst and Ross Medical School",1983,"Osborn and Sons Hospital, Snyder, Campos and Callahan Hospital, Burton Ltd Hospital","Spanish, Arabic, Chinese",,2024-08-02,active,True
3,9756746998,Robert,Brown,Dr. Robert Brown,Endocrinology,(897)484-8018x4514,robert.brown@smith-bowen.com,148 Eric Track,New Stephanie,FL,70015,GA148741,NY,2026-04-29,False,False,4,George Group Medical School,2008,Rodriguez LLC Hospital,Hindi,,2023-11-05,active,True
4,9414118013,Natasha,Decker,Dr. Natasha Decker,Orthopedic Surgery,430-639-1171x8227,natasha.decker@brennan.net,465 Lam Mission,East Jeffreymouth,CA,03258,OH254470,FL,2025-12-07,False,True,13,"Spencer, Chapman and Smith Medical School",2010,"Welch, Perez and Whitehead Hospital, Jones-Young Hospital, Washington, Ryan and Cummings Hospital","English, Hindi, Chinese",Specialty verification needed,2024-03-19,active,True
5,2171784433,Nicole,Johnston,Dr. Nicole Johnston,Endocrinology,876.931.1656,old_michellebarrera@example.org,513 James Mission Apt. 624,Wrightland,CA,58583,MI649286,MI,2027-05-28,True,False,22,"Garcia, Pearson and Fernandez Medical School",2007,"Novak and Sons Hospital, Russell Group Hospital","Chinese, Hindi, Arabic",Email may be inactive,2024-12-01,active,False
6,7901220642,Nicholas,Galloway,Dr. Nicholas Galloway,Psychiatry,274-768-7234x309,nicholas.galloway@williams.net,81219 Emma Freeway,Wilsonshire,OH,32772,FL117092,OH,2025-01-15,False,False,3,"Wheeler, Harvey and Barnes Medical School",2019,"Cunningham, Stewart and Green Hospital","French, English",License may be expired,2024-11-15,active,True
7,6471587516,Elizabeth,Edwards,Dr. Elizabeth Edwards,Radiology,362-547-5107x991,elizabeth.edwards@baker.com,2784 Elizabeth Plaza Suite 124,North Juliaberg,PA,36198,TX997695,NY,2026-06-26,True,False,8,Jacobs-Robbins Medical School,1987,"Watts LLC Hospital, Freeman, Whitehead and Mathis Hospital, Walters LLC Hospital","French, Hindi, Arabic",,2024-04-20,active,True
8,6690503231,Bradley,Cook,Dr. Bradley Cook,Orthopedic Surgery,(342)478-6801,bradley.cook@johnson.biz,45053 Elizabeth Knoll,Dicksonberg,OH,31530,TX297213,FL,2027-07-14,False,False,11,Cherry and Sons Medical School,1991,Johnson-Doyle Hospital,"French, Hindi",Provider may have relocated,2024-11-07,active,False
9,8646603487,Martin,Galvan,Dr. Martin Galvan,Ophthalmology,+1-534-221-6073x37543,martin.galvan@lee.com,868 Crosby Crescent Suite 294,North Candacestad,MI,95992,MI336654,IL,2028-01-24,False,True,21,Graham-Joyce Medical School,1990,Cruz PLC Hospital,"French, Chinese",,2024-04-25,active,True
10,8069825041,James,Williams,Dr. James Williams,Gastroenterology,(608)883-5615x95148,james.williams@powell-phillips.com,6299 Sullivan Village,West Justinchester,TX,76520,FL194624,FL,2028-09-16,False,False,9,"Pena, Marshall and Ramos Medical School",1987,"Dixon Ltd Hospital, Hopkins LLC Hospital, Beck, Harvey and Davis Hospital","Hindi, English",,2024-09-29,active,True
11,7837578152,Stephanie,Young,Dr. Stephanie Young,Neurology,533-820-0379x1769,stephanie.young@ross-hernandez.com,3287 Angela Vista,South Dennismouth,NC,88001,PA973314,OH,2028-02-23,False,False,36,"Travis, Larson and Dodson Medical School",2010,Salazar-Ball Hospital,Arabic,,2024-08-27,active,True
12,9815401320,William,Rivas,Dr. William Rivas,Orthopedic Surgery,+1-972-577-4348,william.rivas@gonzales-reeves.com,54668 Tracy Groves Suite 706,Elizabethfurt,OH,54997,GA451724,GA,2027-07-11,True,False,11,Clark Group Medical School,1992,"Stein-Silva Hospital, Smith, Gilmore and Johnston Hospital",Chinese,Address verification needed,2024-12-05,active,True
13,7844726763,Jennifer,Pittman,Dr. Jennifer Pittman,Endocrinology,(898)406-9901,jennifer.pittman@white-green.com,5564 King Common,Smithside,NC,07327,OH339970,NC,2028-06-26,True,True,14,Walker-Jones Medical School,2007,"Williams, Johnson and Wright Hospital, Howell and Sons Hospital",Spanish,,2024-06-16,active,False
14,8870328876,David,Caldwell,Dr. David Caldwell,Orthopedic Surgery,001-437-645-2991,david.caldwell@lane.org,3193 Heidi Hollow Apt. 905,Stanleyland,TX,66818,CA874206,PA,2026-03-11,True,True,38,"Peterson, Atkinson and Short Medical School",1981,"Hamilton LLC Hospital, Snow, Stevens and Hernandez Hospital, Gross Ltd Hospital",Hindi,,2025-02-06,active,False
15,8005048407,Joseph,Morton,Dr. Joseph Morton,Endocrinology,+1-677-969-4531,joseph.morton@christensen.org,349 Kennedy Pines Suite 685,Jacquelineview,MI,25543,NY933416,FL,2028-04-18,False,True,22,Allen Group Medical School,2003,"Peters-Allen Hospital, Brewer-Henry Hospital, Davis and Sons Hospital","Arabic, French, Chinese",Address verification needed,2025-10-14,active,True
16,1661260485,Kristopher,Hall,Dr. Kristopher Hall,Rheumatology,001-635-318-2337x4989,kristopher.hall@phillips.com,82400 Terry Crossroad Suite 109,Taylormouth,IL,45158,CA203757,TX,2026-07-09,False,True,1,Sheppard LLC Medical School,1995,Wilson-Jones Hospital,"Hindi, Arabic",Specialty verification needed,2025-06-27,active,True
17,8346342286,Travis,Ray,Dr. Travis Ray,Oncology,+1-502-829-4131x86999,travis.ray@kerr-evans.org,9361 Deborah Grove,North Brian,CA,21018,NY743345,CA,2028-08-04,False,True,38,Ortiz Ltd Medical School,2012,"Harrison, Johnson and Roberts Hospital, Warner-Gibson Hospital","French, Hindi, Spanish",Address verification needed,2024-10-02,active,True
18,5503118524,Laura,Larson,Dr. Laura Larson,Radiology,001-947-917-4648,laura.larson@george.com,13990 Johnston Track Apt. 787,Howardshire,FL,57633,TX789715,MI,2026-10-24,True,False,25,"Olsen, Costa and Harrison Medical School",1980,"Cook-Santiago Hospital, Rivera Ltd Hospital, Roberts-Landry Hospital","Hindi, Chinese, French",,2024-03-08,active,False
19,5072703528,Lisa,Pierce,Dr. Lisa Pierce,Endocrinology,215.545.1680x876,lisa.pierce@cox.com,8247 Martinez Roads,Lake Eric,FL,72700,CA190657,IL,2027-07-09,True,True,39,Tran Inc Medical School,2004,Gay Inc Hospital,"Chinese, Arabic, Hindi",,2025-08-09,active,False
20,3731915247,Steven,Wilson,Dr. Steven Wilson,Dermatology,001-366-927-0289x517,steven.wilson@lee-greene.com,6584 Justin Hills,Grimesmouth,GA,71093,IL218292,PA,2026-12-20,False,True,20,Reed-Arnold Medical School,2012,"Bennett, Cantu and Kane Hospital, Allen, Reyes and Chase Hospital, Williams-Garner Hospital",French,Phone may be outdated,2025-07-15,active,False
21,4223025920,Alexis,Thomas,Dr. Alexis Thomas,Family Medicine,+1-921-274-5961x5865,alexis.thomas@jones.com,1172 Berger Cape,Lauraport,TX,47485,NY326371,PA,2028-06-12,True,False,9,Jordan-Sanchez Medical School,1987,"Knight-Sparks Hospital, Thompson PLC Hospital, Harvey-Allen Hospital",Hindi,,2025-07-26,active,True
22,6885318682,Roberta,Thomas,Dr. Roberta Thomas,Ophthalmology,647.840.7482x175,roberta.thomas@wright.biz,36959 Haney Hill Apt. 640,New Julieport,TX,30663,CA540237,GA,2027-03-26,False,True,28,"Pham, Robinson and Lee Medical School",2007,"Byrd-Le Hospital, Becker, Taylor and Davis Hospital",Chinese,,2025-08-29,active,True
23,8416105806,Courtney,Williams,Dr. Courtney Williams,Dermatology,709.652.1456x232,courtney.williams@scott.com,71236 Davis Locks Apt. 481,Richardsonview,CA,77120,GA389037,FL,2026-12-24,False,False,21,Carson-Bentley Medical School,2011,Leonard Group Hospital,"Arabic, English",,2025-10-14,active,True
24,7086681234,Angel,Henson,Dr. Angel Henson,Rheumatology,+1-459-231-7461,angel.henson@torres.com,82675 Matthews Stream,South Diana,PA,64640,GA356568,IL,2028-10-05,False,True,9,"Russell, Lynn and Johnson Medical School",1984,Robinson-Wallace Hospital,"Spanish, Hindi, Chinese",Provider may have relocated,2024-03-14,active,True
25,1788403043,Joel,Cox,Dr. Joel Cox,Rheumatology,+1-258-750-6431x71390,joel.cox@zhang.com,393 Mark Drive,West Micheleberg,OH,17539,PA748589,GA,2027-12-31,False,False,18,"King, Thompson and Guerrero Medical School",2020,Anderson LLC Hospital,"English, French, Hindi",,2023-12-30,active,True
26,4858608134,Kristy,Young,Dr. Kristy Young,Ophthalmology,302-940-2681x17758,kristy.young@walker.net,0076 Parks Overpass Suite 115,North David,NY,82331,OH504440,CA,2026-06-23,False,False,10,"Richards, Joseph and James Medical School",2009,"Schmidt, Chavez and Jacobs Hospital","Spanish, French, Arabic",,2024-01-08,active,False
27,6009327089,Cory,Miles,Dr. Cory Miles,Psychiatry,+1-883-767-3657x6615,cory.miles@scott.info,11615 Angela Radial,Elizabethchester,NC,46847,CA347480,OH,2028-09-18,True,False,25,"Pugh, Henderson and Moon Medical School",1989,Schmitt PLC Hospital,Arabic,Specialty verification needed,2025-09-01,active,True
28,8703102411,Larry,Garcia,Dr. Larry Garcia,Pulmonology,232.673.1585x14936,larry.garcia@white.com,0229 Jones Streets Apt. 183,Barnesmouth,PA,21132,NC902731,OH,2026-12-23,True,True,35,Collins-Nguyen Medical School,2006,"Carlson, Ware and Moore Hospital, Williams, Miller and Ramos Hospital","Hindi, English, French",,2024-11-26,active,True
29,7873496797,Roger,Lawson,Dr. Roger Lawson,Neurology,(543)881-5614x97840,roger.lawson@brown.com,5107 Thompson Light Apt. 885,South Michelleton,IL,57677,CA235132,FL,2027-07-18,True,False,18,Stevens Inc Medical School,2020,Johnston-Berry Hospital,"Arabic, Hindi",,2025-07-06,active,False
30,9285028332,Jenna,Butler,Dr. Jenna Butler,Orthopedic Surgery,860-352-9751,jenna.butler@graham.net,9979 Lin Road Suite 271,Ramosport,NY,46520,NY416038,TX,2027-03-14,False,True,17,"Mullen, Brewer and Hernandez Medical School",2017,"Thomas and Sons Hospital, Morrison Ltd Hospital, Thompson Ltd Hospital",Hindi,Address verification needed,2024-11-14,active,True
31,1326416102,Laura,Vargas,Dr. Laura Vargas,Radiology,(881)947-7005x411,old_nathan46@example.com,9782 Shannon Valleys,Toniland,FL,66633,GA777072,FL,2027-07-19,True,False,19,"Thompson, Wright and Kim Medical School",2006,Warren-Bishop Hospital,"English, Hindi",Email may be inactive,2025-01-08,active,True
32,7153329246,Kim,Shelton,Dr. Kim Shelton,Dermatology,4517518644,kim.shelton@aguilar.com,629 Kyle Lane Suite 281,Romerotown,OH,48027,TX405676,PA,2028-01-29,False,False,20,White-Lewis Medical School,2012,"Lee-Cooke Hospital, Jones Inc Hospital",Arabic,,2024-04-03,active,False
33,3446062236,William,Fernandez,Dr. William Fernandez,Oncology,001-980-259-2962x2292,william.fernandez@diaz-ball.info,738 Kyle Valleys Suite 359,Murrayport,TX,50553,MI917809,PA,2028-07-05,False,False,18,"Rose, Burch and Montoya Medical School",1997,"Taylor, Wright and Davidson Hospital, Spencer-Garcia Hospital, Rosales, Mitchell and Hines Hospital","Chinese, English",,2024-11-18,active,False
34,2005690239,Joshua,Whitehead,Dr. Joshua Whitehead,Orthopedic Surgery,(861)737-5060,joshua.whitehead@hughes.com,51522 Justin Village,Hortonberg,NY,92977,CA209082,PA,2028-08-17,True,False,34,West-Smith Medical School,1980,"Smith and Sons Hospital, Dunn Ltd Hospital, Rose, Rodriguez and Roberts Hospital","Spanish, Arabic",,2025-07-18,active,False
35,9422764068,Kevin,Williams,Dr. Kevin Williams,Pediatrics,(897)211-7980x89324,kevin.williams@gomez.com,277 Lisa Circles Suite 043,Port Jameston,PA,32105,NC865224,TX,2027-06-30,False,True,21,"Sandoval, Garcia and Perkins Medical School",1982,Anderson-Bell Hospital,Chinese,Address verification needed,2023-11-10,active,True
36,4376779258,Leslie,Collins,Dr. Leslie Collins,Ophthalmology,(887)840-3450x5415,leslie.collins@gonzales.com,758 Owen Stream Suite 169,New Kelly,NY,13948,OH180528,NC,2026-10-05,True,False,17,Murphy LLC Medical School,2007,Griffin-Robbins Hospital,"Hindi, French, English",,2024-12-15,active,True
37,8147376500,Garrett,Wallace,Dr. Garrett Wallace,Orthopedic Surgery,494.973.1217,garrett.wallace@gregory.com,6909 Erika Land Suite 719,New Michael,NC,41708,GA965976,IL,2028-02-11,False,False,10,"Ramirez, Horne and Johnson Medical School",2017,"Porter Group Hospital, Wilson, Hampton and Padilla Hospital",Spanish,Phone may be outdated,2024-05-19,active,False
38,7910021217,Wendy,Cochran,Dr. Wendy Cochran,Neurology,451-588-4422x58313,old_fernandodonovan@example.org,291 Kyle Stravenue Suite 866,East Teresaland,OH,59480,PA119880,OH,2027-03-13,False,False,21,Frazier-Cooper Medical School,1984,"Bowman, White and Burch Hospital, Shaw-Oneill Hospital, Holmes LLC Hospital","Chinese, French",Email may be inactive,2023-11-13,active,False
39,2067669038,Michael,Everett,Dr. Michael Everett,Gastroenterology,414-438-4249x8182,old_mharris@example.org,10943 Montgomery Burgs,Smallside,PA,38468,GA542711,MI,2028-01-10,False,True,20,"Frye, Webb and Ballard Medical School",2010,"Sullivan, Chavez and Barker Hospital, Gonzales Group Hospital","French, Arabic, English",Email may be inactive,2025-05-15,active,True
40,1233670016,Larry,Higgins,Dr. Larry Higgins,Obstetrics & Gynecology,001-956-525-8815x3714,larry.higgins@davis.biz,25953 Tyrone Passage Suite 747,North Sierrahaven,NC,60431,IL656760,OH,2027-11-10,False,False,23,Lewis LLC Medical School,2009,"Williams Group Hospital, Khan, Pena and Ruiz Hospital",Arabic,,2024-12-22,active,True
41,5741630982,Amanda,Boone,Dr. Amanda Boone,Radiology,(624)356-5060x98358,amanda.boone@gordon-duran.com,16558 Fischer Flat,Porterton,MI,05601,NC140758,CA,2027-10-03,False,False,16,Reeves Group Medical School,1993,"Bryant, Obrien and Robertson Hospital",Spanish,,2025-07-14,active,True
42,5366051998,Mark,Austin,Dr. Mark Austin,Anesthesiology,(969)649-5888,mark.austin@cabrera-richardson.com,409 Baker Shoal Apt. 097,New Cristina,MI,81731,PA470807,CA,2027-08-17,False,False,39,Hernandez-Becker Medical School,1985,"Armstrong Ltd Hospital, Lee Group Hospital","English, Chinese, Spanish",,2024-04-13,active,True
43,2164324905,Lee,Hernandez,Dr. Lee Hernandez,Neurology,001-936-889-7028x385,lee.hernandez@frye-stevens.net,549 Lee Gateway Suite 843,Kellieborough,IL,90972,OH242999,CA,2026-04-25,False,False,10,"Burns, Castillo and Castro Medical School",2020,"Hill, Martinez and Rhodes Hospital, Huang-Foster Hospital, Blevins-Ballard Hospital","French, Arabic, Hindi",Specialty verification needed,2024-03-11,active,False
44,9290588085,Kelly,Roberts,Dr. Kelly Roberts,Pathology,001-415-374-7338x484,kelly.roberts@yang.net,301 Rivera Mountains,Lake Kellitown,NC,72636,MI271120,NY,2027-01-16,False,True,35,Russell Group Medical School,2007,"Santos-Avila Hospital, Morris-Brewer Hospital, Pearson and Sons Hospital",Spanish,,2024-07-13,active,True
45,4440434109,Amanda,Sharp,Dr. Amanda Sharp,Oncology,2262206724,amanda.sharp@bradley-rodriguez.com,8872 Nelson Valleys Apt. 527,Jennifertown,FL,97050,OH609947,TX,2027-01-22,True,True,39,Gibbs-Bradley Medical School,2014,Thompson Ltd Hospital,English,Specialty verification needed,2024-07-22,active,True
46,4854659992,Penny,Wilcox,Dr. Penny Wilcox,Emergency Medicine,951.661.2275x30463,penny.wilcox@turner-sharp.com,530 Steven Estate Suite 841,Michaelbury,OH,29222,IL624633,FL,2027-04-04,True,False,34,Mendoza Group Medical School,2007,"Zhang, Brooks and Miles Hospital, Todd-Pham Hospital","Chinese, Hindi",,2025-06-24,active,True
47,8651723237,Margaret,Gill,Dr. Margaret Gill,Pulmonology,+1-491-487-8519x10883,margaret.gill@bond-ramos.com,87072 Bryant Centers Suite 406,Lisaborough,TX,76301,CA200600,IL,2027-07-04,True,False,29,Williams LLC Medical School,2019,"Brown, Mcknight and Michael Hospital",English,Provider may have relocated,2024-05-10,active,True
48,5879429755,Cesar,Peck,Dr. Cesar Peck,Radiology,8468226567,cesar.peck@vega.net,512 Rice Stream,Port Adam,PA,03480,CA508434,IL,2026-03-02,False,False,28,Ford-Ball Medical School,2005,Patel-Morrow Hospital,"Arabic, Chinese",,2025-09-21,active,False
49,1421519293,John,Reed,Dr. John Reed,Rheumatology,231-906-9033x119,old_heather62@example.com,3830 William Highway Apt. 959,Joelberg,FL,87036,MI605728,PA,2026-12-03,True,False,17,"Walker, Turner and Brown Medical School",2018,"Hobbs, Buck and Garrett Hospital, Peters-Williams Hospital, David-Powers Hospital","Hindi, Arabic, French",Email may be inactive,2025-06-21,active,False
50,1726214575,Nicholas,Webster,Dr. Nicholas Webster,Oncology,833.542.7086x6882,nicholas.webster@harris-lucas.info,83046 Morgan Field Apt. 735,Susantown,IL,28263,MI486030,CA,2027-06-18,True,True,27,Hayden Inc Medical School,2010,"Key, Mendoza and Sanchez Hospital, Padilla, Sanders and Allen Hospital","English, Chinese",,2025-09-26,active,True
51,7282882102,Marc,Campbell,Dr. Marc Campbell,Neurology,585.744.5877x175,old_gary87@example.org,48996 Hernandez Isle,South Ashley,FL,32709,FL262865,GA,2028-05-13,True,False,34,Pierce-Harding Medical School,1984,"Scott-Underwood Hospital, May, Henry and Jackson Hospital","Arabic, English",Email may be inactive,2025-05-11,active,False
52,1229449070,Sabrina,Weaver,Dr. Sabrina Weaver,Ophthalmology,+1-508-901-0062x3120,sabrina.weaver@brown-little.org,700 Smith Pines Suite 840,Drakeburgh,CA,14527,TX551631,IL,2027-09-14,False,True,27,Warren and Sons Medical School,1980,Harvey LLC Hospital,"Chinese, Hindi, English",,2024-07-02,active,True
53,3999419173,Lisa,Adams,Dr. Lisa Adams,Family Medicine,(815)867-9334x1016,old_ashleyatkinson@example.net,5918 Jerry Ways Suite 401,Rachelshire,TX,86760,OH706139,NY,2027-04-23,True,False,29,White LLC Medical School,2019,"Ali PLC Hospital, Goodwin Ltd Hospital, Hickman-Evans Hospital","Arabic, Hindi",Email may be inactive,2025-02-10,active,True
54,2764143088,Peggy,Rivera,Dr. Peggy Rivera,Anesthesiology,001-821-785-0163x15999,peggy.rivera@walters.info,8662 Miller River,Laurenland,PA,11253,NC126407,GA,2027-03-03,False,True,39,Moore-Dawson Medical School,2005,"Moore, Price and Ward Hospital, Smith LLC Hospital","Hindi, Arabic",,2024-08-28,active,True
55,9503619518,Sean,Juarez,Dr. Sean Juarez,Gastroenterology,821-326-7888,sean.juarez@davis.com,0466 Jenny Points Apt. 982,Jacksonview,GA,39970,CA482735,MI,2028-08-29,True,False,14,Snyder-Brown Medical School,1981,Hill-Evans Hospital,"Chinese, Spanish",Specialty verification needed,2025-02-19,active,False
56,5994145884,Kirsten,Ward,Dr. Kirsten Ward,Internal Medicine,279.893.7124,kirsten.ward@skinner-james.com,6924 Morrison Square Apt. 752,Novakport,MI,96822,FL566292,FL,2027-05-02,False,False,35,"Chen, Faulkner and Casey Medical School",1992,"Bennett-Velasquez Hospital, Diaz-Frederick Hospital",English,,2025-03-07,active,False
57,3660472666,James,Osborn,Dr. James Osborn,Obstetrics & Gynecology,(980)473-7416,james.osborn@turner.biz,79796 Stephens Turnpike Suite 891,Port Johnstad,OH,22303,FL731371,PA,2026-04-30,False,True,30,"Salazar, Hart and Newman Medical School",1997,"Ross, Goodwin and Sheppard Hospital","Chinese, French",,2024-11-29,active,True
58,2880704388,Russell,Smith,Dr. Russell Smith,Ophthalmology,438-788-9937x567,russell.smith@webb.biz,25457 Adriana Keys,Davismouth,PA,42301,OH832157,GA,2026-06-21,True,False,8,Evans Ltd Medical School,1993,"Johnson LLC Hospital, Rodriguez, Marsh and Spears Hospital, Sanchez, Thompson and Moore Hospital","Spanish, English, Hindi",,2023-11-28,active,True
59,4849116376,Anita,Mullen,Dr. Anita Mullen,Orthopedic Surgery,962.826.6093,anita.mullen@smith-lewis.com,182 Nguyen Mount,West Emilyfort,FL,69669,NY584906,NY,2028-08-18,True,False,14,"Edwards, Price and Long Medical School",2006,"Bailey Group Hospital, Thompson, Nunez and Mcbride Hospital","Hindi, Chinese, French",,2024-09-23,active,False
60,1289948836,Samantha,Lawrence,Dr. Samantha Lawrence,Oncology,+1-425-813-4125x28669,samantha.lawrence@lopez-reid.com,4225 Harvey Way,Stephaniefort,MI,18396,TX914309,TX,2028-05-04,True,True,38,Ochoa PLC Medical School,1998,"Delgado, Ortiz and Vasquez Hospital, Larsen, Burns and Miller Hospital",Spanish,Provider may have relocated,2025-01-19,active,False
61,6794268516,Anthony,Juarez,Dr. Anthony Juarez,Ophthalmology,304-638-4279x7881,anthony.juarez@morrow.com,361 Kenneth Bypass Suite 451,Grimesville,OH,31557,MI190462,CA,2028-03-02,True,False,17,Cochran PLC Medical School,2004,"Bell, Page and Chen Hospital, Jensen and Sons Hospital","Hindi, English, French",Provider may have relocated,2024-10-31,active,True
62,6837928355,Lisa,Trujillo,Dr. Lisa Trujillo,Ophthalmology,001-658-649-8254,lisa.trujillo@duke.biz,2232 Poole Trace,Burnsshire,NC,83391,NY921465,CA,2026-10-24,False,True,25,Burton-Brooks Medical School,2007,Schultz Inc Hospital,"Arabic, French",,2024-10-23,active,False
63,2603662468,Richard,Brady,Dr. Richard Brady,Dermatology,001-857-575-9017x518,richard.brady@summers-simpson.com,541 Beck Run,North Randy,OH,58341,PA494002,FL,2026-01-24,False,False,32,Smith-Rubio Medical School,1987,"Forbes and Sons Hospital, Turner, Baxter and Mcdowell Hospital","English, Spanish, Hindi",Address verification needed,2025-06-26,active,False
64,8751708281,Kevin,Lyons,Dr. Kevin Lyons,Emergency Medicine,561.910.3712,kevin.lyons@smith.com,271 Patrick Street Apt. 155,Derrickberg,TX,84593,NC494164,TX,2028-01-29,True,False,5,"Thomas, Moreno and Smith Medical School",2007,"Martin, Bell and Lewis Hospital",Chinese,,2024-08-07,active,True
65,6274830265,Kaitlin,Gillespie,Dr. Kaitlin Gillespie,Radiology,+1-473-511-2196x565,kaitlin.gillespie@newman-wright.org,043 Julie Hill Apt. 376,East Victorland,NY,69744,MI721629,TX,2028-03-18,True,False,32,Hatfield LLC Medical School,2003,"Hughes PLC Hospital, Diaz-Vega Hospital, Best-Townsend Hospital","Hindi, Chinese, French",,2023-11-07,active,False
66,3207186591,Alvin,Jones,Dr. Alvin Jones,Pathology,430-606-8486x661,alvin.jones@collins.com,569 Kyle Mews,North John,NC,57449,GA187978,MI,2028-04-27,False,False,21,Chavez PLC Medical School,2008,Parker Ltd Hospital,"Spanish, Hindi",,2025-05-06,active,False
67,1300258515,Diane,Thompson,Dr. Diane Thompson,Pulmonology,4207275884,diane.thompson@brady.com,6481 Joseph Ports,South Spencerstad,NY,07767,MI731910,CA,2027-06-16,True,False,17,Villarreal-Jackson Medical School,2000,"Scott Inc Hospital, Craig, Wilson and Yang Hospital",Arabic,,2024-08-04,active,False
68,9068771401,Aaron,Trevino,Dr. Aaron Trevino,Gastroenterology,(797)238-3206x038,aaron.trevino@wright-moon.com,95180 Jeffrey Path Apt. 617,Kiaraport,PA,43400,NC801481,NC,2028-06-09,True,True,24,Tran Inc Medical School,2009,"Gonzalez-Elliott Hospital, Stevenson-Sanchez Hospital","Hindi, Chinese",Phone may be outdated,2024-01-31,active,True
69,1610043787,Stephanie,Smith,Dr. Stephanie Smith,Internal Medicine,+1-564-813-8367x02410,stephanie.smith@huang.org,261 Ryan Curve,West Jose,MI,41789,FL579459,IL,2028-09-27,False,True,15,Haynes-Moss Medical School,2004,"Chavez-Hall Hospital, Taylor PLC Hospital, Moore and Sons Hospital","Spanish, English, Hindi",Specialty verification needed,2024-01-15,active,False
70,8071444041,Shannon,Edwards,Dr. Shannon Edwards,Dermatology,385-437-4741,shannon.edwards@torres.com,13568 Erica Green Apt. 067,North Steven,PA,18823,TX197784,CA,2025-12-22,True,False,35,Smith and Sons Medical School,1986,"Gonzalez Group Hospital, Parks-Pace Hospital","English, Chinese, Arabic",,2025-01-02,active,False
71,4818262039,Christopher,Willis,Dr. Christopher Willis,Cardiology,201-937-2151,christopher.willis@jackson.biz,0662 Lewis Ferry Suite 472,New Christinebury,TX,85341,NY836836,NC,2026-01-04,False,True,25,Porter-Andrade Medical School,1987,"Brown-Ramirez Hospital, Barnes Ltd Hospital","Arabic, Spanish",,2023-12-02,active,True
72,9150493184,Nicole,Fox,Dr. Nicole Fox,Endocrinology,+1-680-465-7875x9856,nicole.fox@flores.com,78593 Craig Shoals Apt. 480,New Meghan,PA,51412,FL650833,TX,2028-09-23,True,True,22,Mcconnell-Frey Medical School,1999,Thompson PLC Hospital,"Chinese, English, French",,2024-07-07,active,True
73,6785727388,Louis,Rojas,Dr. Louis Rojas,Emergency Medicine,(490)959-9293x784,louis.rojas@davis.org,87059 Lindsay Junctions,Port Megan,FL,42914,MI328145,TX,2027-07-09,True,True,9,Johnson PLC Medical School,1982,"Stark, Schroeder and Mathis Hospital, Yu-Brooks Hospital, Foster, Garcia and Turner Hospital","French, English, Chinese",,2025-04-25,active,True
74,3169422983,Derek,Moore,Dr. Derek Moore,Anesthesiology,+1-857-904-3315x4100,derek.moore@fry.org,95939 Sharon Divide,Juliebury,MI,45958,TX342449,PA,2027-05-15,True,True,38,Jackson-Mcclure Medical School,2013,Underwood Ltd Hospital,French,Phone may be outdated,2025-05-22,active,True
75,1384541827,Jessica,Costa,Dr. Jessica Costa,Pediatrics,(676)258-6179x32710,jessica.costa@green-garcia.com,2181 Wheeler Ridges,Bushchester,PA,86174,NY124363,PA,2025-12-18,True,True,32,Lawson Group Medical School,2004,"Brown LLC Hospital, Mccann Group Hospital","English, Chinese, French",,2025-01-15,active,False
76,8863504864,Heidi,Bowen,Dr. Heidi Bowen,Pulmonology,290-821-1586x938,heidi.bowen@patterson.org,10324 Thomas Crescent Suite 677,Christopherside,GA,51294,CA871846,NY,2026-04-13,False,False,26,Watson Group Medical School,1999,"Lopez-Williams Hospital, Marshall-Perez Hospital",Spanish,Phone may be outdated,2025-06-28,active,True
77,7430232866,Loretta,Barnes,Dr. Loretta Barnes,Emergency Medicine,+1-479-337-4160,loretta.barnes@thompson-joyce.com,06163 Mary Green,Reneeland,NY,11907,OH393830,GA,2024-11-22,True,False,2,Hawkins-Arnold Medical School,2001,"Stone-Stark Hospital, Buchanan PLC Hospital","French, Hindi",License may be expired,2024-08-04,active,True
78,7635466653,Briana,Harrington,Dr. Briana Harrington,Anesthesiology,362-629-9911,briana.harrington@beard.info,24629 Williams Isle Apt. 074,Andrewport,NC,41257,OH753839,MI,2026-04-03,True,False,34,Cameron-Garrison Medical School,2013,"Garcia, Melton and Taylor Hospital, Ramos, Petersen and Adams Hospital","Chinese, English, Arabic",,2024-02-01,active,False
79,7357049490,Robert,Brewer,Dr. Robert Brewer,Emergency Medicine,827.298.5524x140,robert.brewer@mckinney-powell.net,33030 Williams Lake,West Micheal,GA,61347,OH540923,NC,2025-11-20,False,False,13,"Sanders, Leblanc and Maldonado Medical School",2002,Watson PLC Hospital,Hindi,Phone may be outdated,2025-01-07,active,True
80,4766542461,Frank,Armstrong,Dr. Frank Armstrong,Internal Medicine,933.434.6800,frank.armstrong@thompson.org,466 Stevens Forge Suite 489,Silvatown,FL,67546,NY400715,NY,2028-05-24,True,False,27,"Levy, Franco and Hoffman Medical School",1997,"Lynch, Evans and Rodriguez Hospital, Rogers LLC Hospital, Nguyen, Hill and Douglas Hospital","Chinese, Spanish, English",,2025-07-28,active,True
81,2261083399,Stephanie,Curtis,Dr. Stephanie Curtis,Anesthesiology,228.930.9652,stephanie.curtis@green-barnes.biz,935 Gina Route,Knoxstad,OH,66995,GA988026,FL,2026-07-21,False,True,13,Bruce-Pittman Medical School,2014,"White, Davis and Anderson Hospital","French, Chinese, English",,2025-03-16,active,True
82,2100091931,Jonathan,Stokes,Dr. Jonathan Stokes,Orthopedic Surgery,001-925-313-5346x55494,jonathan.stokes@brown-walters.org,3816 Gutierrez Ways,East Victoria,MI,45415,IL280687,NC,2028-01-24,True,True,28,Benitez-Orozco Medical School,1998,"Thomas-Huffman Hospital, Maxwell Group Hospital, Welch-Thompson Hospital","English, Arabic, Hindi",Specialty verification needed,2025-04-14,active,True
83,3793565007,Cynthia,Smith,Dr. Cynthia Smith,Psychiatry,832-992-7129x666,cynthia.smith@smith-ferguson.com,7532 Smith Fork,East Jessica,CA,50773,FL626394,CA,2028-09-25,True,False,29,"Chapman, Jackson and Colon Medical School",2020,"Fry-Bryant Hospital, Carlson, Morgan and Barron Hospital","Spanish, English",Address verification needed,2025-08-26,active,True
84,8229471911,Brittany,Jackson,Dr. Brittany Jackson,Orthopedic Surgery,(306)848-9090x100,brittany.jackson@james-kelley.info,04618 Dean Squares,South Maria,NY,14252,CA492826,NY,2025-10-02,True,True,2,"Higgins, Wilson and Wilson Medical School",2011,"Jimenez PLC Hospital, Strickland PLC Hospital, Howard Group Hospital",Spanish,License may be expired,2025-05-21,active,True
85,3510744139,Kenneth,Williams,Dr. Kenneth Williams,Ophthalmology,337.353.0011x9721,kenneth.williams@newman-bryant.com,0120 Ward Springs Suite 611,North Melissaburgh,NC,43579,NC549584,CA,2028-09-01,False,True,2,Kline-Friedman Medical School,2001,"Johns-Davis Hospital, White-Morales Hospital",Hindi,,2024-03-06,active,True
86,3887464061,Suzanne,Nelson,Dr. Suzanne Nelson,Emergency Medicine,(976)421-2021x6979,suzanne.nelson@james.com,1670 Jose Island Apt. 899,Lake Morgan,GA,68540,PA317887,IL,2027-08-19,False,True,39,"Watts, Montgomery and Reynolds Medical School",1996,"Wright, Reed and Rhodes Hospital","English, Spanish, French",,2025-07-27,active,True
87,3977023645,Paul,Combs,Dr. Paul Combs,Dermatology,+1-390-902-8772,paul.combs@allen-cordova.com,663 Stephen Unions,Millerfort,NC,59099,PA424024,FL,2027-03-24,True,False,34,Wilson-Jimenez Medical School,1991,"Smith, Powell and Johnson Hospital, Smith, Davis and Munoz Hospital, Walsh, Wu and Hart Hospital",Arabic,Specialty verification needed,2025-03-03,active,False
88,3113941354,Diamond,Bryant,Dr. Diamond Bryant,Cardiology,979.482.7080x869,diamond.bryant@kelly-schultz.com,102 Taylor Stravenue Suite 149,East David,GA,51998,TX740553,NY,2026-05-02,True,False,19,Bryant and Sons Medical School,2004,"Morgan, Sherman and Williams Hospital, Monroe, Chapman and Barton Hospital","Arabic, Spanish",Phone may be outdated,2024-11-18,active,True
89,2693127246,Heather,Thompson,Dr. Heather Thompson,Rheumatology,(516)699-5866,heather.thompson@stuart-waller.info,69848 Joseph Plaza,East Jason,IL,94136,GA670812,NC,2026-12-08,True,True,4,Parks-Morse Medical School,2016,"Zavala Ltd Hospital, Gordon Ltd Hospital, Morris, Wilson and Bell Hospital",Arabic,,2024-12-02,active,False
90,2891411972,Timothy,Duncan,Dr. Timothy Duncan,Cardiology,+1-668-446-0810x62003,old_kimberlybrandt@example.com,80571 Julia Points Suite 384,South Paulmouth,IL,72869,OH723742,IL,2027-07-28,True,True,9,Smith LLC Medical School,2010,"Oliver Group Hospital, Pruitt Ltd Hospital, Holland, Fischer and Payne Hospital",Spanish,Email may be inactive,2024-03-13,active,False
91,2838683121,Shane,Lucero,Dr. Shane Lucero,Emergency Medicine,622-481-6064,shane.lucero@silva.com,2025 Kim Road Suite 798,Charlesmouth,FL,69365,IL514568,IL,2026-01-01,False,False,17,Krueger PLC Medical School,2011,"Hartman and Sons Hospital, Daniels-Powell Hospital","Hindi, English",,2024-12-29,active,False
92,9113544408,Michael,Ware,Dr. Michael Ware,Anesthesiology,+1-555-554-3987x80157,michael.ware@fleming.biz,4840 Robertson Pass,Tuckerport,FL,85898,NC868057,TX,2027-06-16,True,False,27,Flores Inc Medical School,2003,"Jackson PLC Hospital, Smith, Jones and Santiago Hospital","Arabic, Spanish, English",,2024-01-22,active,True
93,6140304844,Kim,Hancock,Dr. Kim Hancock,Emergency Medicine,(413)686-1207x50110,kim.hancock@jones.biz,6650 Nunez Place Apt. 919,Lake Melaniestad,IL,66408,NC506773,IL,2026-02-02,False,False,28,Roberts Ltd Medical School,1990,Obrien-Campbell Hospital,"Chinese, Hindi, Arabic",,2023-11-26,active,True
94,8255582515,Sara,James,Dr. Sara James,Radiology,+1-407-328-3268x42450,sara.james@smith.biz,3536 Eugene Forges,Jamesburgh,MI,88447,CA137602,OH,2026-12-13,False,True,23,"Phelps, York and Randolph Medical School",2019,"Murray, Dunn and Roberts Hospital, King and Sons Hospital, Carpenter, Lynn and Howard Hospital","Hindi, English, Spanish",Provider may have relocated,2024-11-20,active,True
95,9068805895,Emily,Young,Dr. Emily Young,Emergency Medicine,791-735-7759x4929,emily.young@jackson-edwards.com,308 Stephens Plains Suite 256,Port Brittany,GA,37281,NY594739,CA,2028-06-04,False,True,3,Vance and Sons Medical School,2000,"Gross-Sims Hospital, Jones, Smith and Hunter Hospital, Hess PLC Hospital","Chinese, English, Arabic",Address verification needed,2023-12-14,active,False
96,2249667624,Mercedes,Anderson,Dr. Mercedes Anderson,Neurology,481.465.8039x28272,mercedes.anderson@dennis.info,45303 Hughes Motorway,North Tinamouth,NC,14030,IL192466,MI,2026-05-06,True,False,25,"Schmitt, Schultz and Hill Medical School",2000,"Baker, Stephens and Thompson Hospital, Gray, Matthews and Villanueva Hospital","Spanish, Arabic",,2025-03-22,active,True
97,3952397183,Christian,King,Dr. Christian King,Ophthalmology,486.955.7790,christian.king@hall.com,22591 Robert Isle,South Emmafort,NY,28118,OH732670,FL,2027-02-25,False,True,37,"Martin, Whitaker and Johnson Medical School",1991,"Anderson PLC Hospital, Taylor PLC Hospital","English, Arabic, Spanish",,2025-06-08,active,True
98,7263250122,Benjamin,Armstrong,Dr. Benjamin Armstrong,Radiology,6243286990,benjamin.armstrong@cole.info,69292 Jackson Spur,Sandrashire,IL,09524,NC537365,TX,2027-01-10,True,False,1,Gray and Sons Medical School,1998,"Smith PLC Hospital, Cohen, Serrano and Jacobs Hospital, Alvarez PLC Hospital",Arabic,,2025-01-08,active,False
99,3480756848,Carol,Rich,Dr. Carol Rich,Internal Medicine,+1-881-817-2980,carol.rich@golden-wolfe.biz,6599 Ronald Glens,Cannonland,GA,37629,CA675035,CA,2026-05-25,False,False,4,"Mcdowell, Ortiz and Lopez Medical School",2019,"Manning, Smith and Mills Hospital, Smith, Pena and Watts Hospital",French,,2024-10-14,active,True
100,2371484057,Leslie,Cox,Dr. Leslie Cox,Obstetrics & Gynecology,(669)844-8695,leslie.cox@gutierrez.info,8874 Lane Trail,Fitzgeraldville,CA,98518,OH140242,OH,2026-11-24,False,False,33,Griffin Ltd Medical School,2005,"Garcia PLC Hospital, Hartman-Owen Hospital","Arabic, French",,2025-03-03,active,True
101,3781705275,Christina,Cohen,Dr. Christina Cohen,Endocrinology,8538021465,christina.cohen@walker-miller.com,9849 Sonya Viaduct Apt. 770,Port Diane,GA,68416,GA156630,MI,2027-02-24,False,True,31,Lee-Bowers Medical School,2002,"Black, Hall and Jackson Hospital","Arabic, French, Spanish",Phone may be outdated,2025-07-20,active,False
102,4585420148,Brenda,Holmes,Dr. Brenda Holmes,Pulmonology,001-911-884-8955x4393,brenda.holmes@smith.net,451 Walter Via,Heatherfurt,NY,74316,CA174424,CA,2026-12-02,False,True,17,Carrillo-Todd Medical School,1991,"Maldonado-Mosley Hospital, Olson LLC Hospital",Arabic,Specialty verification needed,2024-12-07,active,True
103,8700272057,Carlos,Schultz,Dr. Carlos Schultz,Neurology,535.665.8804,carlos.schultz@ross.com,275 Robinson Ports,Ianborough,NC,65905,NY470674,FL,2028-06-30,False,True,40,"Gonzalez, Moss and Salas Medical School",1988,"Perez and Sons Hospital, Kelly, Maxwell and Wilson Hospital",English,,2024-01-21,active,False
104,6837278715,Christian,Sosa,Dr. Christian Sosa,Internal Medicine,490.680.7595x7947,christian.sosa@walker-ray.com,8085 Dalton Trail Apt. 718,Stewarttown,TX,02050,IL977447,FL,2027-09-18,False,False,39,"Clark, Carpenter and Nguyen Medical School",1986,"Hensley, Lopez and Baker Hospital, Ruiz-Austin Hospital","French, Arabic, English",,2024-03-28,active,False
105,2056146350,Michael,Jimenez,Dr. Michael Jimenez,Pulmonology,465.556.4729,michael.jimenez@le.net,3227 Gregory Parks Apt. 885,Evansside,NC,74928,PA653969,FL,2027-10-21,True,False,8,Ross Ltd Medical School,1990,"Brown LLC Hospital, Combs-Davis Hospital, Cook, Ward and Castro Hospital",Hindi,,2025-04-05,active,False
106,8326366198,Sarah,Scott,Dr. Sarah Scott,Orthopedic Surgery,4616593998,sarah.scott@nguyen-dixon.info,9472 Danielle Junction,Welchshire,CA,53555,MI900976,GA,2028-04-17,False,True,16,Miller LLC Medical School,1987,Edwards Ltd Hospital,"Chinese, Spanish",,2024-09-23,active,True
107,9327942698,Kelly,Adams,Dr. Kelly Adams,Pulmonology,+1-564-675-9876x2202,kelly.adams@haynes.com,78006 Dalton River,North Diana,NY,51598,GA595132,MI,2028-09-14,False,False,12,Perez-Rojas Medical School,2020,"Sims-Anderson Hospital, Johnson Ltd Hospital",Arabic,,2025-08-30,active,False
108,2929456359,Michael,Herman,Dr. Michael Herman,Gastroenterology,878.648.7282x9979,michael.herman@olson-perez.com,5642 Smith Pike Apt. 547,Lake Sandrafort,NY,39771,FL194237,PA,2026-07-13,False,True,37,Cannon LLC Medical School,1980,"Hall, Smith and Brooks Hospital","Arabic, Chinese, English",,2024-01-15,active,False
109,3302429587,Robert,Castro,Dr. Robert Castro,Radiology,(632)666-3416x3894,old_christopher20@example.com,79749 Lopez Brook Apt. 080,North Julian,OH,16890,TX898388,PA,2028-05-13,True,False,3,"Gonzales, Smith and Davis Medical School",1997,"Snyder LLC Hospital, Collins-Lloyd Hospital, Ford-Moody Hospital","Spanish, Chinese, Hindi",Email may be inactive,2024-09-29,active,False
110,8784020334,Kimberly,Jones,Dr. Kimberly Jones,Neurology,923.346.0136x7303,kimberly.jones@wade.com,08814 Little Flat Suite 031,Lake Ryan,TX,02475,GA938028,GA,2027-06-07,True,False,36,Bauer PLC Medical School,1997,"Foster and Sons Hospital, Novak PLC Hospital, Alvarez, Carlson and Watson Hospital","Chinese, Spanish, French",,2025-09-26,active,True
111,5499560878,Christopher,Moore,Dr. Christopher Moore,Emergency Medicine,495-900-5281,christopher.moore@stewart.com,82744 Gibson Trail,Grosstown,IL,25375,MI580065,IL,2026-01-29,False,False,26,"Lopez, Bailey and Oconnor Medical School",1988,Dillon-George Hospital,Spanish,Address verification needed,2023-11-11,active,True
112,7392527815,Christine,Diaz,Dr. Christine Diaz,Pulmonology,+1-635-718-6387x829,christine.diaz@davidson-rodriguez.net,22031 Lee Bypass,Barretthaven,NC,82286,FL956993,CA,2028-10-06,True,True,35,"Garza, Williams and Walker Medical School",1988,"Jones, Conrad and Clark Hospital, Hebert-Collier Hospital","Spanish, French, English",,2024-10-29,active,True
113,6398684344,Taylor,Fowler,Dr. Taylor Fowler,Neurology,(586)350-9480x141,taylor.fowler@hardy.biz,83928 Reese Trafficway,Emilychester,MI,14145,NC994070,IL,2027-10-26,True,True,15,Sparks PLC Medical School,2011,"Wagner-Sandoval Hospital, Murillo, Ramos and Gomez Hospital","English, Hindi, Arabic",,2025-04-20,active,False
114,2701250786,Leslie,Frey,Dr. Leslie Frey,Gastroenterology,956-965-9398x36845,leslie.frey@smith-johnson.com,240 Joyce Forest,Andrewview,TX,73070,MI914651,GA,2027-10-28,False,False,16,"Hawkins, Howe and Moore Medical School",1981,Stevens and Sons Hospital,English,,2024-07-31,active,False
115,3363563704,Devon,Richardson,Dr. Devon Richardson,Ophthalmology,001-533-344-1969,devon.richardson@nguyen.org,48058 Mark Square Apt. 206,Mullinsshire,OH,55095,MI349512,TX,2028-09-17,True,False,27,Kane and Sons Medical School,2016,"Delgado, Guzman and Smith Hospital",Spanish,Address verification needed,2025-09-05,active,True
116,9135987567,William,Walker,Dr. William Walker,Pathology,862-825-1790x8641,william.walker@anderson.info,938 John Grove Suite 591,Lake Robertstad,NC,46154,TX718422,NC,2027-06-07,False,True,5,Flores PLC Medical School,2002,"Johnson, Torres and Huerta Hospital, Underwood, Lang and Hanson Hospital, Williams-Meyers Hospital","Arabic, Hindi",,2025-03-29,active,False
117,9810653422,James,Brooks,Dr. James Brooks,Pediatrics,001-211-703-9240x51477,james.brooks@singh.com,792 Nicholas Shore Apt. 420,Jamesview,TX,07458,NC829844,NY,2028-07-22,True,True,13,Pena-Smith Medical School,2005,Guerrero-Alvarado Hospital,"English, Hindi, Arabic",,2025-07-29,active,True
118,1517999317,Roberta,Ward,Dr. Roberta Ward,Anesthesiology,904-363-6815,roberta.ward@gonzalez.net,38457 Garner Brook,Gabriellestad,FL,82451,MI231602,FL,2027-09-16,True,True,31,Young-Good Medical School,2012,"Hill, Brown and Scott Hospital, Zamora-Briggs Hospital, Raymond LLC Hospital","Arabic, Hindi, French",,2024-02-14,active,True
119,6704883224,Jeremiah,Peterson,Dr. Jeremiah Peterson,Orthopedic Surgery,(721)968-9363x9264,jeremiah.peterson@anderson.com,8262 Lonnie Point,East Lonnieberg,NC,95800,TX862781,NY,2028-07-05,False,True,35,Cannon Group Medical School,2010,"Turner-Reese Hospital, Mahoney, Hill and Maxwell Hospital","Arabic, Hindi",,2024-03-02,active,False
120,2357720699,Daniel,Lopez,Dr. Daniel Lopez,Psychiatry,001-999-449-9939x33051,daniel.lopez@mathis.com,7223 Antonio Track Apt. 463,Port James,CA,23710,IL717088,CA,2027-12-09,False,True,14,Camacho-Burns Medical School,1991,"Delacruz-Clay Hospital, Sullivan-Williams Hospital",Spanish,Specialty verification needed,2024-07-13,active,True
121,5351530299,Jill,James,Dr. Jill James,Family Medicine,869-299-8808x17703,jill.james@hughes.com,6447 Roberto Ridge Apt. 827,Davishaven,CA,15334,MI777233,PA,2028-05-13,False,False,25,Osborne Ltd Medical School,2006,"Taylor, Gutierrez and Hayes Hospital","Spanish, English, Arabic",,2025-05-31,active,False
122,2663847201,Harold,Garza,Dr. Harold Garza,Pathology,001-337-814-5211x175,harold.garza@moody.biz,25922 Harold Station Apt. 644,Robertsburgh,CA,15909,NC323981,GA,2028-09-08,False,False,34,Horne Inc Medical School,1987,"Cannon, Smith and Jimenez Hospital, Stephens-Smith Hospital",Arabic,Specialty verification needed,2024-03-21,active,True
123,8370698966,Nicole,Young,Dr. Nicole Young,Endocrinology,768-814-7214,nicole.young@fuller.com,50209 Rivera Corners,North Robertburgh,FL,21647,OH750804,CA,2028-06-17,False,False,3,"Mitchell, Guerrero and Graves Medical School",1993,"Cobb, Thompson and Gibson Hospital, Ward, Johnson and Mack Hospital, Richardson-Gray Hospital","Hindi, French, English",Phone may be outdated,2025-08-27,active,True
124,4542727223,Alicia,Dominguez,Dr. Alicia Dominguez,Cardiology,+1-601-798-1794x695,alicia.dominguez@mendez.net,2934 Aaron Burg Suite 139,Gutierrezmouth,MI,46330,GA810693,PA,2028-03-19,False,False,2,"Shaffer, Lewis and Davidson Medical School",2017,"Campbell, Tyler and Parker Hospital",Spanish,,2024-06-13,active,False
125,2081815222,William,Nguyen,Dr. William Nguyen,Emergency Medicine,5157569902,william.nguyen@nielsen-mendoza.info,272 Mcclain Plain,Stevenchester,GA,97833,IL132878,IL,2026-11-03,True,False,7,Conley LLC Medical School,1987,"Hardy, Stewart and Herrera Hospital, Ray LLC Hospital, Jones-Hernandez Hospital",French,,2025-03-12,active,True
126,4239108041,Mary,Morgan,Dr. Mary Morgan,Pediatrics,(882)399-6291x4504,mary.morgan@wiley-watson.com,421 Glover Tunnel,North Scott,NY,03769,OH640782,OH,2026-02-02,True,True,17,Stein-Moore Medical School,1980,Mclean-Oconnor Hospital,English,,2024-09-08,active,False
127,3688617765,Alexandra,Rowe,Dr. Alexandra Rowe,Neurology,613.785.8542x49321,alexandra.rowe@randolph-mcdaniel.org,7018 Johnson Trace,Danielleborough,NY,42559,IL213905,NC,2026-07-23,True,False,34,Lee LLC Medical School,1998,"Flores, Alexander and Wilson Hospital, Moore Inc Hospital, Mullen PLC Hospital",English,Phone may be outdated,2025-02-16,active,False
128,7052090186,Amber,Williams,Dr. Amber Williams,Family Medicine,4709160166,amber.williams@kelly.net,9217 Stanley Spur,Ruizbury,FL,19338,MI357558,OH,2025-04-05,False,False,31,"Scott, Cox and White Medical School",2008,"Rivera, Valencia and Nguyen Hospital",French,License may be expired,2025-08-27,active,False
129,9701611495,Tony,Jones,Dr. Tony Jones,Rheumatology,457-372-4599,tony.jones@roth-robles.com,8769 Allen Gardens,South Patrick,IL,45159,CA861779,GA,2026-12-06,True,False,32,Cervantes PLC Medical School,2008,Mueller-Graham Hospital,"English, Arabic",,2024-09-13,active,False
130,1177311994,Kristin,Stephens,Dr. Kristin Stephens,Obstetrics & Gynecology,721.397.1997,kristin.stephens@thompson-blanchard.com,965 Newman Circle,East Lisashire,NC,99458,TX850705,IL,2027-03-29,False,False,36,"Pacheco, Sherman and Guerrero Medical School",1988,"Schmidt-Price Hospital, West, Harris and Rich Hospital","French, English, Spanish",,2023-11-05,active,False
131,4733344210,Kevin,Bauer,Dr. Kevin Bauer,Anesthesiology,+1-246-251-9098x62405,kevin.bauer@castro.com,69656 James Plains,Lake Glenn,GA,18729,TX639750,NY,2026-09-07,True,True,23,Peters LLC Medical School,1986,Moore-Bright Hospital,"French, Spanish",,2023-12-01,active,False
132,6368332961,Elizabeth,Taylor,Dr. Elizabeth Taylor,Cardiology,902-876-2126,elizabeth.taylor@white.info,3269 Becky Vista Apt. 846,Arthurton,TX,74969,NC764862,NC,2028-01-28,True,False,4,Bush-Wilson Medical School,1984,Nixon-Miller Hospital,Spanish,,2024-08-29,active,True
133,6668126968,Jessica,Fox,Dr. Jessica Fox,Rheumatology,001-247-781-8913x71894,old_david44@example.com,5442 Heather Ranch Suite 940,Laneshire,PA,07266,TX369543,NC,2027-09-24,False,False,5,"Mooney, Lamb and Weber Medical School",2017,"Washington-Martinez Hospital, York LLC Hospital","Arabic, Spanish",Email may be inactive,2025-03-30,active,False
134,3544830326,Alexis,Rodriguez,Dr. Alexis Rodriguez,Obstetrics & Gynecology,7478658018,alexis.rodriguez@riggs-coffey.org,6637 Jason Street,Brianview,MI,99523,NY183421,OH,2027-02-03,False,False,29,Williams Group Medical School,1993,"Alvarez-Alvarez Hospital, Hall, Vega and Price Hospital, Thomas-Berg Hospital",Hindi,Phone may be outdated,2024-07-14,active,True
135,3088698263,Cheryl,Pearson,Dr. Cheryl Pearson,Pulmonology,754-441-4967x393,cheryl.pearson@kelley-chambers.com,1817 Robinson Haven,Jamestown,CA,81686,IL723575,IL,2026-09-06,True,True,26,Brown PLC Medical School,2020,"Shannon, Robinson and Greene Hospital, Erickson Inc Hospital, Gates and Sons Hospital","Spanish, Hindi",Specialty verification needed,2024-03-19,active,False
136,1991005452,Nicholas,Gallagher,Dr. Nicholas Gallagher,Pediatrics,+1-692-412-4471x7465,nicholas.gallagher@ramirez.biz,0442 Jones Flats Suite 271,New Kayla,OH,29125,NC433798,MI,2026-02-19,True,True,34,"Schneider, Gaines and Baldwin Medical School",1990,Johnson Inc Hospital,"Spanish, Hindi",,2025-09-17,active,True
137,1057045766,Ashley,King,Dr. Ashley King,Orthopedic Surgery,207.920.0642x569,ashley.king@graham-anthony.com,67198 Cook Hollow,Brownland,CA,48388,GA594336,PA,2026-10-02,False,False,10,"Castaneda, Peterson and Randall Medical School",2016,"Holland-Thompson Hospital, Ponce Ltd Hospital","Hindi, English, Spanish",,2025-04-08,active,True
138,8544502246,James,Dominguez,Dr. James Dominguez,Radiology,257-517-3203,james.dominguez@price-sparks.com,700 Brown Turnpike Apt. 613,Bentleyside,PA,20024,MI856955,CA,2026-03-02,False,False,6,"Riley, Buckley and Johnson Medical School",1987,Burns Inc Hospital,"French, Spanish",,2025-01-05,active,True
139,9299369811,Thomas,Hardin,Dr. Thomas Hardin,Internal Medicine,4323020417,thomas.hardin@wilson.org,36565 Theresa Ports,West Mary,GA,28449,FL742310,NY,2026-12-26,False,True,7,Watkins LLC Medical School,1981,"Martinez and Sons Hospital, Jackson-Wood Hospital, Gonzales PLC Hospital",English,,2024-08-15,active,False
140,5228728178,Billy,Garcia,Dr. Billy Garcia,Endocrinology,+1-896-920-7100x2194,billy.garcia@martinez.info,29092 Salazar Corners Suite 560,East David,GA,69995,FL369251,NC,2026-05-24,True,False,38,Montgomery PLC Medical School,2006,"Robinson, Townsend and Hopkins Hospital, Brown-Rodriguez Hospital, Jennings Group Hospital","Chinese, Spanish, English",,2023-11-15,active,True
141,9572281842,Tyler,Moore,Dr. Tyler Moore,Gastroenterology,(831)779-7062x3972,tyler.moore@yang.com,78113 Watkins Islands,Gonzalezmouth,NC,30655,CA149551,PA,2026-09-29,False,False,2,Nguyen Inc Medical School,2013,Rojas and Sons Hospital,"English, Spanish, Hindi",Phone may be outdated,2025-02-15,active,False
142,2235117335,Derek,Cortez,Dr. Derek Cortez,Emergency Medicine,+1-954-835-2090x4217,derek.cortez@wolf.com,929 Christopher Walks,Atkinsborough,NC,78040,PA342127,MI,2027-01-28,True,True,35,Hood-Ramirez Medical School,1982,"Patterson, Salas and Wright Hospital, Riley-Snow Hospital, Shah, Mcintyre and Villanueva Hospital",French,Provider may have relocated,2024-06-05,active,False
143,6363358152,Robert,Williams,Dr. Robert Williams,Emergency Medicine,280.868.6717x7318,robert.williams@anderson.com,74279 Tiffany Mountain,Port Jacqueline,MI,24742,MI221534,MI,2028-06-06,True,False,17,Sims-Padilla Medical School,2015,Dalton Inc Hospital,Spanish,,2025-01-29,active,False
144,3158904399,Paul,Vazquez,Dr. Paul Vazquez,Pathology,704.264.9893x19508,paul.vazquez@reyes.org,5281 Devon Isle,New Daniel,PA,63218,TX739225,NY,2028-01-19,True,False,38,"Crosby, Carpenter and Haley Medical School",1986,"Mullins and Sons Hospital, Gomez-Adams Hospital, Henderson, Brown and Watson Hospital",Hindi,,2024-12-28,active,True
145,2978844926,Shaun,Mason,Dr. Shaun Mason,Cardiology,578-984-7951,shaun.mason@miller.com,24127 Nancy Pike,West Robertside,PA,17806,PA111287,FL,2027-11-19,True,False,38,Reed-Wallace Medical School,1999,"Smith, Lopez and Johnson Hospital, Conley PLC Hospital","Spanish, English, Hindi",,2024-03-07,active,False
146,3073939677,Deanna,Jenkins,Dr. Deanna Jenkins,Emergency Medicine,557-998-8774x92424,deanna.jenkins@arellano-carrillo.com,4729 Jennifer Heights,East Mary,TX,91315,OH558300,NY,2028-01-01,False,True,14,"Bauer, Martin and Wilson Medical School",2014,"Andrews-Alexander Hospital, Lopez-Hart Hospital",Hindi,,2025-09-05,active,False
147,5469170696,Austin,Stewart,Dr. Austin Stewart,Oncology,(425)978-2841x067,austin.stewart@moore-cordova.net,474 Lauren Stream Suite 517,East Ericaville,FL,40881,OH737076,GA,2026-04-05,True,False,8,Morales and Sons Medical School,1986,"Howard-Nguyen Hospital, Davidson, Silva and Walker Hospital","English, Hindi",,2023-12-11,active,True
148,7446006670,Shari,Ramirez,Dr. Shari Ramirez,Radiology,7182718637,shari.ramirez@ward.com,0455 Madden Well Apt. 376,Robertschester,GA,96000,TX949876,IL,2025-05-07,True,False,30,Taylor-Matthews Medical School,2016,"Thomas LLC Hospital, Mcneil-Fox Hospital, Jones-Choi Hospital",Arabic,License may be expired,2024-02-19,active,True
149,8104683317,Katelyn,Davis,Dr. Katelyn Davis,Gastroenterology,001-915-489-0429x025,katelyn.davis@torres.com,44714 White Spurs,North David,IL,36836,NC683731,TX,2028-08-08,True,True,28,Gamble-Jones Medical School,2012,"Cox, Castillo and Graham Hospital, Burton-Alvarez Hospital",Hindi,Phone may be outdated,2025-07-16,active,False
150,5530255631,Michael,Brown,Dr. Michael Brown,Cardiology,(465)704-4818x321,michael.brown@serrano-cohen.com,7112 Timothy Inlet,Donmouth,MI,13925,NC273996,FL,2027-11-27,False,True,39,Moore and Sons Medical School,2009,"Pope PLC Hospital, Norris, Cisneros and Mathis Hospital","Spanish, English, Chinese",Address verification needed,2024-12-17,active,False
151,4161118138,Pamela,Harper,Dr. Pamela Harper,Pediatrics,001-352-840-1322x34232,pamela.harper@hines.info,31089 Taylor Glen Apt. 140,Port Davidborough,IL,77519,NC903619,IL,2027-04-08,False,False,8,Lopez LLC Medical School,1983,Davis Ltd Hospital,English,,2024-04-30,active,True
152,5640873051,Shelly,Rush,Dr. Shelly Rush,Psychiatry,(552)589-3891x190,shelly.rush@jackson-webster.com,87592 Nunez Coves,Port Michael,FL,50257,OH148117,OH,2025-12-09,True,False,7,Lewis-Perez Medical School,2013,Juarez LLC Hospital,Arabic,,2025-08-22,active,False
153,6954913772,David,Rodriguez,Dr. David Rodriguez,Ophthalmology,(375)848-0157,david.rodriguez@bryant-fitzgerald.info,646 Melissa Ville,Crosbystad,PA,24001,CA306275,TX,2025-06-25,True,True,21,Lutz Group Medical School,2019,"Garcia, Kim and Barrett Hospital","French, Arabic, English",License may be expired,2024-11-03,active,False
154,6293505243,Christopher,Thomas,Dr. Christopher Thomas,Psychiatry,(891)921-5353x9613,christopher.thomas@hubbard-miranda.org,657 Archer Pass Suite 271,West Tracybury,FL,82862,OH163491,TX,2027-02-22,False,True,21,Johnson Ltd Medical School,1999,Greer Group Hospital,"French, Hindi",,2025-01-25,active,False
155,2066805276,Erika,Stanton,Dr. Erika Stanton,Internal Medicine,(695)924-9911x8773,erika.stanton@wagner-daniels.net,61675 Ramos Camp,East Angelaport,NY,93045,NY375371,TX,2028-07-13,False,True,30,Henry and Sons Medical School,2006,"Baldwin-Freeman Hospital, Carroll Group Hospital, Spencer, Ryan and Harrison Hospital","Arabic, English",,2024-10-07,active,False
156,8638532795,Anna,Moore,Dr. Anna Moore,Radiology,7642796954,anna.moore@garza.com,905 Davis Key Suite 650,East Jimmy,CA,41408,FL604192,FL,2028-04-21,False,True,40,"Miller, Watts and Melton Medical School",2020,"Morgan Inc Hospital, Nguyen, Murray and Boyer Hospital, Robertson, Fisher and Smith Hospital","Arabic, English",,2024-03-09,active,False
157,4454866308,Terry,Johnson,Dr. Terry Johnson,Cardiology,469-665-9171x35785,terry.johnson@montes-harris.com,4049 Ballard Road,Lake Meganville,NC,78077,CA400424,IL,2026-10-01,False,False,38,Nelson-Knight Medical School,2014,"Alvarez, Clark and Flynn Hospital, Colon, Wagner and Evans Hospital","Arabic, Chinese",,2025-03-10,active,False
158,8103718310,Elizabeth,Edwards,Dr. Elizabeth Edwards,Ophthalmology,(964)698-7820x82973,elizabeth.edwards@patel.biz,357 John Summit,Meganchester,MI,42267,NC426550,FL,2028-01-14,False,False,4,Walters Group Medical School,1987,"Colon-Lucas Hospital, Mcdaniel-Young Hospital, Wilson and Sons Hospital","Arabic, Hindi",Provider may have relocated,2025-02-24,active,False
159,5439120296,Anthony,Robles,Dr. Anthony Robles,Internal Medicine,677-486-6032x4204,old_marisa63@example.com,59416 Powers Course,Hahnberg,IL,31439,CA434250,PA,2028-01-11,False,False,24,Duncan PLC Medical School,2010,"Boyd PLC Hospital, King, Wilkerson and Young Hospital, Mejia LLC Hospital","Hindi, Chinese",Email may be inactive,2025-03-15,active,False
160,7580131719,Jeffery,Rodriguez,Dr. Jeffery Rodriguez,Emergency Medicine,747.364.9078,jeffery.rodriguez@gardner-wells.com,57540 Mckenzie Shore Apt. 348,Parkerstad,PA,90317,TX378402,FL,2025-12-06,True,True,29,Nichols and Sons Medical School,2003,"Price-Browning Hospital, Pennington-Hardin Hospital","Chinese, Arabic, English",,2024-09-30,active,True
161,7234437222,Kevin,Mayer,Dr. Kevin Mayer,Pathology,001-734-832-7560x41776,old_melaniejennings@example.com,6985 Neal Track,Lake Darlenemouth,GA,84531,NC617913,IL,2026-01-14,True,True,9,Smith and Sons Medical School,2009,"Torres, Johnston and Rodriguez Hospital, Black Ltd Hospital","English, Arabic, Spanish",Email may be inactive,2025-04-03,active,False
162,2954814572,Shannon,Russo,Dr. Shannon Russo,Rheumatology,(742)495-4316,shannon.russo@walter-duffy.org,08931 Gonzalez Squares,North Richard,MI,56718,PA198110,OH,2026-10-30,False,True,14,"Green, Davis and Richardson Medical School",1992,"Wilson, Higgins and Graham Hospital, Wilcox-Snyder Hospital",English,,2025-06-11,active,False
163,2772806230,Jeffrey,Harris,Dr. Jeffrey Harris,Family Medicine,447-862-6393x436,jeffrey.harris@johnson.com,59710 Anderson Islands Suite 366,Charlesside,GA,08201,TX635134,PA,2026-09-28,False,True,8,Cook and Sons Medical School,2019,Odonnell-Barajas Hospital,Spanish,,2024-01-06,active,False
164,8850996530,Sheila,Coffey,Dr. Sheila Coffey,Radiology,+1-200-448-9646x528,sheila.coffey@jackson-vasquez.com,15862 Wilson Cape Apt. 745,Campbellview,IL,80839,MI686875,NY,2027-06-07,False,False,28,Black-Graham Medical School,2001,Stewart Group Hospital,"French, English",,2025-07-22,active,False
165,2616776095,Kathryn,Hernandez,Dr. Kathryn Hernandez,Anesthesiology,+1-370-932-0320x74276,kathryn.hernandez@alexander.net,7121 Davis Ways Suite 228,Annashire,IL,28340,FL140932,NY,2028-04-15,False,True,5,"Bolton, Smith and Wang Medical School",1996,"Butler Inc Hospital, Tate Ltd Hospital, Clay Inc Hospital","Spanish, Arabic, Hindi",,2024-01-05,active,False
166,5353937764,Justin,Zavala,Dr. Justin Zavala,Endocrinology,965-991-5201,justin.zavala@fuller-adams.com,97592 Michelle Unions Suite 501,Davisview,NC,23833,MI876200,CA,2027-05-31,False,False,10,Hanna Group Medical School,1986,Smith and Sons Hospital,"Arabic, English",,2024-09-25,active,True
167,5194234873,Frank,Chan,Dr. Frank Chan,Neurology,521-947-6492x5158,frank.chan@mcclure-alvarez.org,65926 Davis Passage Suite 732,Rosehaven,TX,11507,OH734362,GA,2027-05-09,True,True,29,Mcdonald-Miller Medical School,2009,"Evans-Joyce Hospital, Leach, Skinner and Mills Hospital, Carroll-Arnold Hospital",English,Provider may have relocated,2023-11-10,active,False
168,6944413773,Samantha,Palmer,Dr. Samantha Palmer,Psychiatry,966.417.9454x91801,samantha.palmer@cameron.com,459 Todd Mission Suite 523,North Julie,IL,79675,GA601910,PA,2028-04-13,True,False,17,Savage-Rodriguez Medical School,1981,"Smith, Foster and Smith Hospital","Hindi, French, Spanish",,2024-11-26,active,True
169,7290541747,Diana,Stevens,Dr. Diana Stevens,Internal Medicine,001-660-250-1667,diana.stevens@horton.com,2368 Christopher Trail,Hernandezchester,IL,03360,GA994946,PA,2028-09-02,True,False,6,Martin and Sons Medical School,1991,"Park, Maynard and Ruiz Hospital, Richards-Harris Hospital","Arabic, Spanish",Phone may be outdated,2025-08-27,active,True
170,9677350921,Tony,Tucker,Dr. Tony Tucker,Orthopedic Surgery,001-797-330-8069,tony.tucker@orozco-butler.info,9576 Evan Stream,South Maurice,FL,30923,NY251110,CA,2026-01-07,True,True,1,"Robinson, Stout and Morgan Medical School",2003,"Castaneda, Espinoza and Mcdonald Hospital, Sharp-Myers Hospital, Whitaker-Nunez Hospital","English, Arabic, Hindi",,2024-03-29,active,False
171,5629364620,Jessica,Flynn,Dr. Jessica Flynn,Pathology,(493)941-7223,jessica.flynn@leon.com,077 Theresa Tunnel,Port Annahaven,IL,15439,GA423317,MI,2025-11-22,True,True,11,"Perez, Hoffman and Tucker Medical School",2007,"Glover-Hammond Hospital, Adams, Hernandez and Vaughn Hospital","Spanish, English",Address verification needed,2025-06-22,active,True
172,6112026148,Daniel,Soto,Dr. Daniel Soto,Obstetrics & Gynecology,752.747.8712,daniel.soto@martinez.info,37548 Christopher Landing Suite 532,Cobbberg,PA,56707,OH245133,GA,2025-07-01,True,False,22,Hardin-Villanueva Medical School,1994,"Norton, Cox and Johnson Hospital","Hindi, English",License may be expired,2024-05-07,active,True
173,6857133017,Dustin,Smith,Dr. Dustin Smith,Pathology,611.855.6260x60290,dustin.smith@blackwell-haynes.com,0489 Isabella Mission Apt. 899,Terryfurt,IL,26360,IL902057,FL,2026-03-19,False,False,14,Miller-Medina Medical School,1980,"Hardy-Singh Hospital, Meyer PLC Hospital, Lewis-Hunt Hospital","Chinese, Arabic",,2025-10-10,active,False
174,6460332091,Larry,Peterson,Dr. Larry Peterson,Emergency Medicine,+1-720-608-9434x6810,larry.peterson@romero.com,9075 Linda Prairie Apt. 544,Lake Nicholas,IL,97168,IL198834,TX,2027-02-06,True,False,17,Garcia PLC Medical School,1988,"Lee, Osborne and Gibson Hospital, Dawson Group Hospital","English, Arabic, Chinese",Provider may have relocated,2024-12-04,active,False
175,9928949193,Christopher,Brown,Dr. Christopher Brown,Radiology,(873)671-5869,christopher.brown@porter.info,28277 Tammy Passage Apt. 377,Lake Ericside,OH,48910,MI481307,GA,2025-11-25,False,True,8,Guzman Group Medical School,2016,Martinez PLC Hospital,"French, English",,2024-03-19,active,False
176,4552658383,Keith,Mills,Dr. Keith Mills,Pulmonology,454-854-4702,keith.mills@zuniga.com,70185 Monica Mall,Berryshire,CA,59794,OH282814,IL,2027-06-01,True,False,31,Harrington-Alvarez Medical School,1981,"Bass, Anderson and Taylor Hospital, Murray, Cole and Cole Hospital, Nguyen, Marsh and Beck Hospital","Arabic, English",,2025-09-09,active,False
177,1002772810,Robert,Hall,Dr. Robert Hall,Oncology,(358)507-4120x9481,robert.hall@weaver.net,8018 Suzanne Harbor,East Maria,CA,76464,FL547708,CA,2027-01-09,False,False,10,Miller-Ferguson Medical School,2004,Morales-Williams Hospital,"Arabic, Spanish",,2024-08-30,active,True
178,8545973028,Michelle,Johnson,Dr. Michelle Johnson,Emergency Medicine,(426)408-5641x11824,michelle.johnson@tate-moore.biz,95200 Price Island,South Patricia,PA,34308,IL903193,NC,2026-01-03,True,False,31,David-Lam Medical School,1983,"Harris PLC Hospital, Young, Romero and Gordon Hospital","Spanish, Arabic, French",,2025-03-15,active,False
179,9588500416,Stacy,Adams,Dr. Stacy Adams,Internal Medicine,578-461-7063x04891,stacy.adams@carroll-griffin.net,58238 Ali Point,Williamsmouth,MI,81861,MI910443,GA,2026-12-11,True,False,40,Delgado-Jackson Medical School,2012,Mahoney Group Hospital,"Chinese, French, Arabic",,2025-08-04,active,False
180,3470705099,Joshua,King,Dr. Joshua King,Dermatology,+1-865-339-8402x89141,joshua.king@hardy.biz,855 Petty Station,Nelsonmouth,GA,45279,NC928535,CA,2027-06-25,True,True,37,Stevens PLC Medical School,1998,"Smith-Holt Hospital, Nielsen, Lynch and Smith Hospital, Chambers Group Hospital","English, Hindi",Provider may have relocated,2025-07-31,active,True
181,2926987086,Angela,Horton,Dr. Angela Horton,Radiology,868.411.8071x5695,angela.horton@terrell.com,30453 Lisa Road Suite 337,Benjaminfort,TX,92781,PA798852,PA,2028-03-28,True,True,40,"Obrien, Smith and Joyce Medical School",1980,"Foster, Kane and Carroll Hospital, Jackson-Lee Hospital","Chinese, French, Spanish",Specialty verification needed,2025-06-06,active,False
182,2475005925,Joanne,Chambers,Dr. Joanne Chambers,Orthopedic Surgery,+1-692-519-2124x938,joanne.chambers@johnson.org,870 Davidson Run Apt. 566,Davidhaven,IL,61657,TX624961,TX,2026-09-10,False,False,32,Ward-Blake Medical School,2002,"Walker, Ramirez and Fisher Hospital, Stewart-Myers Hospital, Miller-Armstrong Hospital","Chinese, English, Arabic",,2025-07-19,active,True
183,9253596250,Anthony,Mclaughlin,Dr. Anthony Mclaughlin,Orthopedic Surgery,001-861-233-2541x107,anthony.mclaughlin@robles.com,3505 Sherry Trail,Duranmouth,FL,76383,NY510675,GA,2027-05-07,False,True,13,Miller Inc Medical School,2019,"Bennett Ltd Hospital, Patton Inc Hospital",English,Specialty verification needed,2025-06-22,active,True
184,9541464138,Samantha,Ramos,Dr. Samantha Ramos,Cardiology,896-511-0804x6619,samantha.ramos@cobb.info,915 Shawn Isle Apt. 110,New Kristineborough,GA,75633,MI706210,NY,2025-02-04,True,True,7,Walsh LLC Medical School,2009,"Fisher-Hardy Hospital, Lopez-Taylor Hospital","Hindi, English, Arabic",License may be expired,2024-07-11,active,False
185,6482052364,Bradley,Anderson,Dr. Bradley Anderson,Endocrinology,001-968-654-9822,old_crawfordsamantha@example.net,38806 Gonzalez Flats,Port Casey,GA,25320,OH725822,TX,2028-05-14,False,False,17,"Alvarez, Holt and Mcdonald Medical School",1994,"Rivera, Lane and Mccarty Hospital, Evans, Murphy and Garcia Hospital",Hindi,Email may be inactive,2025-06-04,active,False
186,6510902777,Jeffrey,Hall,Dr. Jeffrey Hall,Rheumatology,+1-333-775-6362x050,jeffrey.hall@spencer.com,95003 Justin Forges Suite 258,East James,GA,23579,NY592212,TX,2028-02-14,True,False,29,Lozano-Smith Medical School,2005,"Taylor, Pena and Dyer Hospital, Boyle-Torres Hospital","Arabic, Spanish, French",,2024-01-31,active,False
187,2907628245,John,Pacheco,Dr. John Pacheco,Orthopedic Surgery,+1-728-896-1122x33865,john.pacheco@sanchez.com,53042 Clark Common Suite 912,Potterhaven,IL,49556,GA276518,TX,2026-06-02,False,True,22,Stone-White Medical School,1988,"Brooks, Neal and Baldwin Hospital",Hindi,Provider may have relocated,2024-10-13,active,True
188,5223508133,Troy,Adams,Dr. Troy Adams,Internal Medicine,(490)733-3736x3466,troy.adams@pierce-taylor.com,8539 Steven Road Suite 677,Ortizfort,PA,42053,FL268794,OH,2025-03-20,False,True,40,Reyes-White Medical School,1981,"Baker Inc Hospital, Valenzuela-Phillips Hospital, Hunt, Schneider and Hartman Hospital","Hindi, French",License may be expired,2024-09-09,active,True
189,8615951739,Sara,Garcia,Dr. Sara Garcia,Neurology,650-683-5354,sara.garcia@thornton.net,44566 Thomas Passage Apt. 633,South Jesus,NY,77440,CA628607,OH,2026-03-21,False,True,17,"Todd, Sharp and Murray Medical School",2002,"Edwards and Sons Hospital, Carrillo-Wolfe Hospital, Gonzales PLC Hospital",French,,2024-03-18,active,True
190,8133119983,Anthony,Taylor,Dr. Anthony Taylor,Neurology,(840)675-5366,anthony.taylor@matthews-bradley.com,82097 Jacob Cliff,Campbellbury,NC,25186,CA600016,IL,2026-01-01,True,True,37,Rodriguez-Hudson Medical School,1990,Fowler-Torres Hospital,English,Address verification needed,2023-12-27,active,False
191,9788019067,Kelly,Warren,Dr. Kelly Warren,Pulmonology,805.980.2566x212,kelly.warren@jones.com,6729 Matthews Parkway,Hilltown,GA,19203,PA420799,MI,2028-10-09,False,True,40,Brown-Ross Medical School,1995,"Fox PLC Hospital, Stevens-Johnston Hospital, Davis, Lucas and Ellison Hospital","English, Arabic, French",,2025-01-08,active,False
192,8791120989,Michael,Kirby,Dr. Michael Kirby,Gastroenterology,369-826-3296x7629,michael.kirby@bautista.com,137 Riddle Plaza Apt. 511,Robertburgh,OH,33631,MI161988,NY,2027-06-06,False,True,39,Hunter Group Medical School,2019,"Jones Ltd Hospital, Brady, James and Reese Hospital, Sanders Inc Hospital","French, Chinese, Hindi",,2024-08-27,active,False
193,7625063878,John,Fletcher,Dr. John Fletcher,Obstetrics & Gynecology,(957)477-1183,john.fletcher@hoover-skinner.com,124 Amanda Lock,North Emily,TX,01970,PA781169,NC,2028-05-09,True,True,37,"Nelson, Alexander and Thompson Medical School",2008,"Johnson, Leonard and Robinson Hospital, Williams, Walters and Mills Hospital","Hindi, Spanish, Arabic",,2025-03-03,active,False
194,6680671016,Elaine,Keller,Dr. Elaine Keller,Gastroenterology,(306)650-6373,elaine.keller@kerr-gonzalez.com,05313 Laura Village Apt. 206,Port Markside,NY,82655,OH720787,OH,2028-07-26,False,False,33,Weber PLC Medical School,1989,"Mcmillan-Martinez Hospital, Rodriguez LLC Hospital","English, French",Phone may be outdated,2025-02-11,active,True
195,6648200502,Debra,Wood,Dr. Debra Wood,Internal Medicine,436-649-7189,debra.wood@greene.biz,2571 Smith Prairie,Reyesbury,TX,66485,IL230897,GA,2027-01-06,False,True,25,"Bush, Smith and Smith Medical School",2001,Parker Ltd Hospital,"Spanish, French",,2024-09-19,active,False
196,5131948287,Roy,Sanchez,Dr. Roy Sanchez,Psychiatry,502-257-4326,roy.sanchez@mclean.info,45086 Christensen Forks Suite 533,Lake Vanessabury,IL,80201,CA851449,NC,2028-07-26,True,False,27,Boyd-White Medical School,1983,"Smith, Kane and Jones Hospital",Spanish,,2024-09-16,active,True
197,6055266629,James,Walters,Dr. James Walters,Radiology,(332)812-9833,james.walters@mcdonald.biz,344 Faulkner Flats,Michellefort,FL,10988,NY307214,CA,2026-01-27,True,False,14,Sanders-Jackson Medical School,2001,Henderson-Lynch Hospital,English,,2023-11-12,active,True
198,2302386143,Ryan,Moore,Dr. Ryan Moore,Anesthesiology,906.661.4982x8246,ryan.moore@campbell-hart.info,587 Horton Run Suite 633,Johnsonstad,MI,52228,IL839004,GA,2026-10-07,False,True,15,"Brooks, Burns and Davidson Medical School",2001,"Jones, Dyer and Riddle Hospital, Cruz PLC Hospital, Lee Group Hospital","French, Hindi, Chinese",Address verification needed,2024-04-12,active,False
199,1671469399,Crystal,Rhodes,Dr. Crystal Rhodes,Neurology,001-324-397-2439x920,crystal.rhodes@dawson.com,2644 Willis Street,Goodwinland,TX,14823,CA874049,IL,2027-05-17,False,True,9,"Armstrong, Salinas and Olsen Medical School",2006,"Goodman-Conrad Hospital, Hale-Smith Hospital, Velasquez Inc Hospital","Spanish, Hindi",,2024-02-28,active,True
200,3099149211,Collin,Ayala,Dr. Collin Ayala,Gastroenterology,(386)946-2252x23728,collin.ayala@olsen.com,9847 Sherman Rapids,Rogersmouth,FL,45347,NC996335,NC,2028-05-11,True,False,16,Richards Group Medical School,2004,"Chambers-Garcia Hospital, Adams Inc Hospital, Aguilar, Huerta and Davis Hospital","Chinese, Hindi",Address verification needed,2024-11-21,active,False
